timestamp,icp_mmhg,event_label
2026-08-20 08:00:00,12.25,normal
2026-08-20 08:00:30,12.78,normal
2026-08-20 08:01:00,10.51,normal
2026-08-20 08:01:30,11.66,normal
2026-08-20 08:02:00,10.88,normal
2026-08-20 08:02:30,9.91,normal
2026-08-20 08:03:00,9.85,normal
2026-08-20 08:03:30,11.0,normal
2026-08-20 08:04:00,10.46,normal
2026-08-20 08:04:30,11.72,normal
2026-08-20 08:05:00,12.06,normal
2026-08-20 08:05:30,11.33,normal
2026-08-20 08:06:00,10.74,normal
2026-08-20 08:06:30,11.9,normal
2026-08-20 08:07:00,10.03,normal
2026-08-20 08:07:30,11.47,normal
2026-08-20 08:08:00,9.45,normal
2026-08-20 08:08:30,10.31,normal
2026-08-20 08:09:00,7.74,normal
2026-08-20 08:09:30,9.45,normal
2026-08-20 08:10:00,12.89,normal
2026-08-20 08:10:30,11.11,normal
2026-08-20 08:11:00,10.27,normal
2026-08-20 08:11:30,9.62,normal
2026-08-20 08:12:00,7.64,normal
2026-08-20 08:12:30,10.69,normal
2026-08-20 08:13:00,13.04,normal
2026-08-20 08:13:30,11.71,normal
2026-08-20 08:14:00,10.15,normal
2026-08-20 08:14:30,11.28,normal
2026-08-20 08:15:00,9.73,normal
2026-08-20 08:15:30,18.72,normal
2026-08-20 08:16:00,12.25,normal
2026-08-20 08:16:30,11.71,normal
2026-08-20 08:17:00,11.93,normal
2026-08-20 08:17:30,11.7,normal
2026-08-20 08:18:00,12.34,normal
2026-08-20 08:18:30,10.3,normal
2026-08-20 08:19:00,12.18,normal
2026-08-20 08:19:30,13.49,normal
2026-08-20 08:20:00,9.87,normal
2026-08-20 08:20:30,9.58,normal
2026-08-20 08:21:00,12.42,normal
2026-08-20 08:21:30,11.22,normal
2026-08-20 08:22:00,12.76,normal
2026-08-20 08:22:30,10.75,normal
2026-08-20 08:23:00,13.26,normal
2026-08-20 08:23:30,11.05,normal
2026-08-20 08:24:00,11.9,normal
2026-08-20 08:24:30,13.24,normal
2026-08-20 08:25:00,9.97,normal
2026-08-20 08:25:30,10.9,normal
2026-08-20 08:26:00,10.28,normal
2026-08-20 08:26:30,10.66,normal
2026-08-20 08:27:00,8.59,normal
2026-08-20 08:27:30,11.23,normal
2026-08-20 08:28:00,10.45,normal
2026-08-20 08:28:30,12.33,normal
2026-08-20 08:29:00,8.01,normal
2026-08-20 08:29:30,10.55,normal
2026-08-20 08:30:00,9.25,normal
2026-08-20 08:30:30,10.26,normal
2026-08-20 08:31:00,11.6,normal
2026-08-20 08:31:30,11.23,normal
2026-08-20 08:32:00,9.53,normal
2026-08-20 08:32:30,10.71,normal
2026-08-20 08:33:00,10.05,normal
2026-08-20 08:33:30,9.91,normal
2026-08-20 08:34:00,11.97,normal
2026-08-20 08:34:30,12.54,normal
2026-08-20 08:35:00,12.26,normal
2026-08-20 08:35:30,11.84,normal
2026-08-20 08:36:00,11.08,normal
2026-08-20 08:36:30,13.77,normal
2026-08-20 08:37:00,10.62,normal
2026-08-20 08:37:30,10.69,normal
2026-08-20 08:38:00,10.73,normal
2026-08-20 08:38:30,9.48,normal
2026-08-20 08:39:00,10.06,normal
2026-08-20 08:39:30,10.4,normal
2026-08-20 08:40:00,10.42,normal
2026-08-20 08:40:30,12.04,normal
2026-08-20 08:41:00,11.53,normal
2026-08-20 08:41:30,10.18,normal
2026-08-20 08:42:00,11.62,normal
2026-08-20 08:42:30,11.38,normal
2026-08-20 08:43:00,10.48,normal
2026-08-20 08:43:30,10.54,normal
2026-08-20 08:44:00,11.1,normal
2026-08-20 08:44:30,11.51,normal
2026-08-20 08:45:00,8.56,normal
2026-08-20 08:45:30,10.84,normal
2026-08-20 08:46:00,11.41,normal
2026-08-20 08:46:30,11.42,normal
2026-08-20 08:47:00,10.38,normal
2026-08-20 08:47:30,10.07,normal
2026-08-20 08:48:00,12.59,normal
2026-08-20 08:48:30,12.61,normal
2026-08-20 08:49:00,10.64,normal
2026-08-20 08:49:30,11.55,normal
2026-08-20 08:50:00,7.85,normal
2026-08-20 08:50:30,10.36,normal
2026-08-20 08:51:00,10.24,normal
2026-08-20 08:51:30,10.28,normal
2026-08-20 08:52:00,11.33,normal
2026-08-20 08:52:30,13.21,normal
2026-08-20 08:53:00,8.77,normal
2026-08-20 08:53:30,10.08,normal
2026-08-20 08:54:00,11.99,normal
2026-08-20 08:54:30,16.92,normal
2026-08-20 08:55:00,9.22,normal
2026-08-20 08:55:30,10.44,normal
2026-08-20 08:56:00,12.84,normal
2026-08-20 08:56:30,7.81,normal
2026-08-20 08:57:00,8.66,normal
2026-08-20 08:57:30,16.26,normal
2026-08-20 08:58:00,10.91,normal
2026-08-20 08:58:30,13.4,normal
2026-08-20 08:59:00,10.73,normal
2026-08-20 08:59:30,9.51,normal
2026-08-20 09:00:00,11.52,normal
2026-08-20 09:00:30,9.97,normal
2026-08-20 09:01:00,12.55,normal
2026-08-20 09:01:30,10.09,normal
2026-08-20 09:02:00,10.13,normal
2026-08-20 09:02:30,11.24,normal
2026-08-20 09:03:00,10.96,normal
2026-08-20 09:03:30,10.46,normal
2026-08-20 09:04:00,9.2,normal
2026-08-20 09:04:30,11.28,normal
2026-08-20 09:05:00,9.19,normal
2026-08-20 09:05:30,11.04,normal
2026-08-20 09:06:00,9.54,normal
2026-08-20 09:06:30,11.4,normal
2026-08-20 09:07:00,9.36,normal
2026-08-20 09:07:30,9.88,normal
2026-08-20 09:08:00,12.5,normal
2026-08-20 09:08:30,11.31,normal
2026-08-20 09:09:00,10.63,normal
2026-08-20 09:09:30,13.35,normal
2026-08-20 09:10:00,11.03,shunt_block
2026-08-20 09:10:30,11.44,shunt_block
2026-08-20 09:11:00,11.82,shunt_block
2026-08-20 09:11:30,10.89,shunt_block
2026-08-20 09:12:00,11.39,shunt_block
2026-08-20 09:12:30,11.42,shunt_block
2026-08-20 09:13:00,10.5,shunt_block
2026-08-20 09:13:30,13.13,shunt_block
2026-08-20 09:14:00,11.72,shunt_block
2026-08-20 09:14:30,9.98,shunt_block
2026-08-20 09:15:00,15.37,shunt_block
2026-08-20 09:15:30,15.58,shunt_block
2026-08-20 09:16:00,11.64,shunt_block
2026-08-20 09:16:30,10.51,shunt_block
2026-08-20 09:17:00,12.84,shunt_block
2026-08-20 09:17:30,13.09,shunt_block
2026-08-20 09:18:00,14.01,shunt_block
2026-08-20 09:18:30,12.22,shunt_block
2026-08-20 09:19:00,14.84,shunt_block
2026-08-20 09:19:30,14.11,shunt_block
2026-08-20 09:20:00,12.7,shunt_block
2026-08-20 09:20:30,15.22,shunt_block
2026-08-20 09:21:00,16.63,shunt_block
2026-08-20 09:21:30,14.84,shunt_block
2026-08-20 09:22:00,14.46,shunt_block
2026-08-20 09:22:30,14.79,shunt_block
2026-08-20 09:23:00,17.13,shunt_block
2026-08-20 09:23:30,13.38,shunt_block
2026-08-20 09:24:00,15.74,shunt_block
2026-08-20 09:24:30,14.14,shunt_block
2026-08-20 09:25:00,17.7,shunt_block
2026-08-20 09:25:30,15.85,shunt_block
2026-08-20 09:26:00,17.97,shunt_block
2026-08-20 09:26:30,16.02,shunt_block
2026-08-20 09:27:00,17.26,shunt_block
2026-08-20 09:27:30,18.0,shunt_block
2026-08-20 09:28:00,16.06,shunt_block
2026-08-20 09:28:30,17.48,shunt_block
2026-08-20 09:29:00,18.82,shunt_block
2026-08-20 09:29:30,17.22,shunt_block
2026-08-20 09:30:00,16.82,shunt_block
2026-08-20 09:30:30,16.59,shunt_block
2026-08-20 09:31:00,15.89,shunt_block
2026-08-20 09:31:30,17.64,shunt_block
2026-08-20 09:32:00,18.48,shunt_block
2026-08-20 09:32:30,17.16,shunt_block
2026-08-20 09:33:00,17.32,shunt_block
2026-08-20 09:33:30,19.46,shunt_block
2026-08-20 09:34:00,19.24,shunt_block
2026-08-20 09:34:30,17.02,shunt_block
2026-08-20 09:35:00,20.76,shunt_block
2026-08-20 09:35:30,20.79,shunt_block
2026-08-20 09:36:00,19.35,shunt_block
2026-08-20 09:36:30,18.35,shunt_block
2026-08-20 09:37:00,21.83,shunt_block
2026-08-20 09:37:30,21.05,shunt_block
2026-08-20 09:38:00,23.62,shunt_block
2026-08-20 09:38:30,22.31,shunt_block
2026-08-20 09:39:00,20.1,shunt_block
2026-08-20 09:39:30,27.81,shunt_block
2026-08-20 09:40:00,21.73,shunt_block
2026-08-20 09:40:30,22.21,shunt_block
2026-08-20 09:41:00,23.21,shunt_block
2026-08-20 09:41:30,20.53,shunt_block
2026-08-20 09:42:00,21.06,shunt_block
2026-08-20 09:42:30,21.26,shunt_block
2026-08-20 09:43:00,24.92,shunt_block
2026-08-20 09:43:30,25.52,shunt_block
2026-08-20 09:44:00,21.99,shunt_block
2026-08-20 09:44:30,22.23,shunt_block
2026-08-20 09:45:00,22.85,shunt_block
2026-08-20 09:45:30,21.86,shunt_block
2026-08-20 09:46:00,24.55,shunt_block
2026-08-20 09:46:30,20.34,shunt_block
2026-08-20 09:47:00,22.77,shunt_block
2026-08-20 09:47:30,22.12,shunt_block
2026-08-20 09:48:00,20.97,shunt_block
2026-08-20 09:48:30,23.36,shunt_block
2026-08-20 09:49:00,23.72,shunt_block
2026-08-20 09:49:30,24.76,shunt_block
2026-08-20 09:50:00,25.29,recovery
2026-08-20 09:50:30,24.56,recovery
2026-08-20 09:51:00,22.22,recovery
2026-08-20 09:51:30,23.8,recovery
2026-08-20 09:52:00,24.33,recovery
2026-08-20 09:52:30,20.67,recovery
2026-08-20 09:53:00,21.05,recovery
2026-08-20 09:53:30,22.86,recovery
2026-08-20 09:54:00,21.64,recovery
2026-08-20 09:54:30,21.8,recovery
2026-08-20 09:55:00,21.56,recovery
2026-08-20 09:55:30,21.67,recovery
2026-08-20 09:56:00,18.42,recovery
2026-08-20 09:56:30,19.88,recovery
2026-08-20 09:57:00,19.91,recovery
2026-08-20 09:57:30,18.29,recovery
2026-08-20 09:58:00,15.48,recovery
2026-08-20 09:58:30,17.94,recovery
2026-08-20 09:59:00,17.7,recovery
2026-08-20 09:59:30,14.94,recovery
2026-08-20 10:00:00,15.45,recovery
2026-08-20 10:00:30,17.0,recovery
2026-08-20 10:01:00,12.99,recovery
2026-08-20 10:01:30,13.16,recovery
2026-08-20 10:02:00,13.17,recovery
2026-08-20 10:02:30,15.56,recovery
2026-08-20 10:03:00,13.68,recovery
2026-08-20 10:03:30,13.8,recovery
2026-08-20 10:04:00,13.08,recovery
2026-08-20 10:04:30,11.47,recovery
2026-08-20 10:05:00,11.69,normal
2026-08-20 10:05:30,10.41,normal
2026-08-20 10:06:00,11.23,normal
2026-08-20 10:06:30,10.0,normal
2026-08-20 10:07:00,9.39,normal
2026-08-20 10:07:30,10.04,normal
2026-08-20 10:08:00,10.53,normal
2026-08-20 10:08:30,10.29,normal
2026-08-20 10:09:00,8.01,normal
2026-08-20 10:09:30,8.73,normal
2026-08-20 10:10:00,11.8,normal
2026-08-20 10:10:30,12.81,normal
2026-08-20 10:11:00,9.64,normal
2026-08-20 10:11:30,8.84,normal
2026-08-20 10:12:00,10.2,normal
2026-08-20 10:12:30,12.08,normal
2026-08-20 10:13:00,13.25,normal
2026-08-20 10:13:30,10.94,normal
2026-08-20 10:14:00,10.56,normal
2026-08-20 10:14:30,9.93,normal
2026-08-20 10:15:00,10.33,normal
2026-08-20 10:15:30,9.62,normal
2026-08-20 10:16:00,8.72,normal
2026-08-20 10:16:30,13.22,normal
2026-08-20 10:17:00,13.1,normal
2026-08-20 10:17:30,11.66,normal
2026-08-20 10:18:00,9.66,normal
2026-08-20 10:18:30,12.08,normal
2026-08-20 10:19:00,11.89,normal
2026-08-20 10:19:30,12.22,normal
2026-08-20 10:20:00,13.04,normal
2026-08-20 10:20:30,10.88,normal
2026-08-20 10:21:00,12.65,normal
2026-08-20 10:21:30,17.76,normal
2026-08-20 10:22:00,11.77,normal
2026-08-20 10:22:30,8.62,normal
2026-08-20 10:23:00,10.58,normal
2026-08-20 10:23:30,8.97,normal
2026-08-20 10:24:00,9.08,normal
2026-08-20 10:24:30,11.8,normal
2026-08-20 10:25:00,13.36,normal
2026-08-20 10:25:30,13.25,normal
2026-08-20 10:26:00,10.58,normal
2026-08-20 10:26:30,12.48,normal
2026-08-20 10:27:00,10.25,normal
2026-08-20 10:27:30,10.54,normal
2026-08-20 10:28:00,9.84,normal
2026-08-20 10:28:30,11.13,normal
2026-08-20 10:29:00,11.74,normal
2026-08-20 10:29:30,8.78,normal
2026-08-20 10:30:00,11.22,normal
2026-08-20 10:30:30,10.6,normal
2026-08-20 10:31:00,13.3,normal
2026-08-20 10:31:30,11.46,normal
2026-08-20 10:32:00,10.63,normal
2026-08-20 10:32:30,10.85,normal
2026-08-20 10:33:00,10.16,normal
2026-08-20 10:33:30,10.8,normal
2026-08-20 10:34:00,9.76,normal
2026-08-20 10:34:30,10.89,normal
2026-08-20 10:35:00,10.78,normal
2026-08-20 10:35:30,10.13,normal
2026-08-20 10:36:00,11.21,normal
2026-08-20 10:36:30,11.52,normal
2026-08-20 10:37:00,8.34,normal
2026-08-20 10:37:30,10.71,normal
2026-08-20 10:38:00,11.68,normal
2026-08-20 10:38:30,13.07,normal
2026-08-20 10:39:00,12.31,normal
2026-08-20 10:39:30,10.74,normal
2026-08-20 10:40:00,10.55,normal
2026-08-20 10:40:30,8.24,normal
2026-08-20 10:41:00,10.08,normal
2026-08-20 10:41:30,11.83,normal
2026-08-20 10:42:00,12.53,normal
2026-08-20 10:42:30,12.44,normal
2026-08-20 10:43:00,9.97,normal
2026-08-20 10:43:30,9.42,normal
2026-08-20 10:44:00,11.71,normal
2026-08-20 10:44:30,11.63,normal
2026-08-20 10:45:00,10.78,normal
2026-08-20 10:45:30,9.98,normal
2026-08-20 10:46:00,10.98,normal
2026-08-20 10:46:30,9.01,normal
2026-08-20 10:47:00,10.29,normal
2026-08-20 10:47:30,11.73,normal
2026-08-20 10:48:00,9.4,normal
2026-08-20 10:48:30,10.74,normal
2026-08-20 10:49:00,10.51,normal
2026-08-20 10:49:30,8.95,normal
2026-08-20 10:50:00,10.28,acute_spike
2026-08-20 10:50:30,14.64,acute_spike
2026-08-20 10:51:00,16.32,acute_spike
2026-08-20 10:51:30,18.17,acute_spike
2026-08-20 10:52:00,20.4,acute_spike
2026-08-20 10:52:30,23.24,acute_spike
2026-08-20 10:53:00,25.47,acute_spike
2026-08-20 10:53:30,27.35,acute_spike
2026-08-20 10:54:00,26.49,acute_spike
2026-08-20 10:54:30,22.63,acute_spike
2026-08-20 10:55:00,30.18,acute_spike
2026-08-20 10:55:30,25.12,acute_spike
2026-08-20 10:56:00,18.5,acute_spike
2026-08-20 10:56:30,17.17,acute_spike
2026-08-20 10:57:00,13.67,acute_spike
2026-08-20 10:57:30,10.94,acute_spike
2026-08-20 10:58:00,10.41,normal
2026-08-20 10:58:30,12.87,normal
2026-08-20 10:59:00,12.22,normal
2026-08-20 10:59:30,11.21,normal
2026-08-20 11:00:00,12.73,normal
2026-08-20 11:00:30,10.61,normal
2026-08-20 11:01:00,13.03,normal
2026-08-20 11:01:30,9.86,normal
2026-08-20 11:02:00,11.2,normal
2026-08-20 11:02:30,11.97,normal
2026-08-20 11:03:00,14.91,normal
2026-08-20 11:03:30,10.97,normal
2026-08-20 11:04:00,9.98,normal
2026-08-20 11:04:30,12.54,normal
2026-08-20 11:05:00,9.37,normal
2026-08-20 11:05:30,9.74,normal
2026-08-20 11:06:00,12.61,normal
2026-08-20 11:06:30,11.22,normal
2026-08-20 11:07:00,11.62,normal
2026-08-20 11:07:30,12.24,normal
2026-08-20 11:08:00,11.79,normal
2026-08-20 11:08:30,11.95,normal
2026-08-20 11:09:00,10.39,normal
2026-08-20 11:09:30,11.75,normal
2026-08-20 11:10:00,9.42,normal
2026-08-20 11:10:30,9.64,normal
2026-08-20 11:11:00,11.26,normal
2026-08-20 11:11:30,10.82,normal
2026-08-20 11:12:00,9.53,normal
2026-08-20 11:12:30,13.34,normal
2026-08-20 11:13:00,9.56,normal
2026-08-20 11:13:30,10.06,normal
2026-08-20 11:14:00,10.85,normal
2026-08-20 11:14:30,10.83,normal
2026-08-20 11:15:00,11.07,normal
2026-08-20 11:15:30,10.02,normal
2026-08-20 11:16:00,10.97,normal
2026-08-20 11:16:30,11.18,normal
2026-08-20 11:17:00,9.79,normal
2026-08-20 11:17:30,8.84,normal
2026-08-20 11:18:00,10.7,normal
2026-08-20 11:18:30,10.37,normal
2026-08-20 11:19:00,10.59,normal
2026-08-20 11:19:30,10.75,normal
2026-08-20 11:20:00,10.98,normal
2026-08-20 11:20:30,12.63,normal
2026-08-20 11:21:00,8.59,normal
2026-08-20 11:21:30,10.06,normal
2026-08-20 11:22:00,9.43,normal
2026-08-20 11:22:30,11.53,normal
2026-08-20 11:23:00,11.77,normal
2026-08-20 11:23:30,11.26,normal
2026-08-20 11:24:00,8.67,normal
2026-08-20 11:24:30,9.41,normal
2026-08-20 11:25:00,8.93,normal
2026-08-20 11:25:30,10.6,normal
2026-08-20 11:26:00,10.5,normal
2026-08-20 11:26:30,9.85,normal
2026-08-20 11:27:00,10.37,normal
2026-08-20 11:27:30,12.24,normal
2026-08-20 11:28:00,10.32,normal
2026-08-20 11:28:30,9.91,normal
2026-08-20 11:29:00,11.59,normal
2026-08-20 11:29:30,9.92,normal
2026-08-20 11:30:00,12.08,normal
2026-08-20 11:30:30,9.26,normal
2026-08-20 11:31:00,10.47,normal
2026-08-20 11:31:30,12.6,normal
2026-08-20 11:32:00,8.97,normal
2026-08-20 11:32:30,13.28,normal
2026-08-20 11:33:00,11.26,normal
2026-08-20 11:33:30,8.65,normal
2026-08-20 11:34:00,11.08,normal
2026-08-20 11:34:30,8.96,normal
2026-08-20 11:35:00,9.47,normal
2026-08-20 11:35:30,12.15,normal
2026-08-20 11:36:00,11.12,normal
2026-08-20 11:36:30,10.26,normal
2026-08-20 11:37:00,10.82,normal
2026-08-20 11:37:30,19.83,normal
2026-08-20 11:38:00,12.8,normal
2026-08-20 11:38:30,11.21,normal
2026-08-20 11:39:00,12.65,normal
2026-08-20 11:39:30,7.58,normal
2026-08-20 11:40:00,11.0,normal
2026-08-20 11:40:30,9.45,normal
2026-08-20 11:41:00,10.72,normal
2026-08-20 11:41:30,9.75,normal
2026-08-20 11:42:00,10.18,normal
2026-08-20 11:42:30,13.36,normal
2026-08-20 11:43:00,10.66,normal
2026-08-20 11:43:30,11.59,normal
2026-08-20 11:44:00,10.45,normal
2026-08-20 11:44:30,11.15,normal
2026-08-20 11:45:00,10.5,normal
2026-08-20 11:45:30,12.63,normal
2026-08-20 11:46:00,11.27,normal
2026-08-20 11:46:30,13.61,normal
2026-08-20 11:47:00,12.07,normal
2026-08-20 11:47:30,11.08,normal
2026-08-20 11:48:00,10.87,normal
2026-08-20 11:48:30,11.38,normal
2026-08-20 11:49:00,12.61,normal
2026-08-20 11:49:30,11.95,normal
2026-08-20 11:50:00,11.03,normal
2026-08-20 11:50:30,11.82,normal
2026-08-20 11:51:00,18.95,normal
2026-08-20 11:51:30,13.05,normal
2026-08-20 11:52:00,11.2,normal
2026-08-20 11:52:30,9.75,normal
2026-08-20 11:53:00,11.61,normal
2026-08-20 11:53:30,7.81,normal
2026-08-20 11:54:00,11.66,normal
2026-08-20 11:54:30,6.85,normal
2026-08-20 11:55:00,8.56,normal
2026-08-20 11:55:30,10.76,normal
2026-08-20 11:56:00,10.82,normal
2026-08-20 11:56:30,8.4,normal
2026-08-20 11:57:00,10.08,normal
2026-08-20 11:57:30,12.38,normal
2026-08-20 11:58:00,9.97,normal
2026-08-20 11:58:30,11.7,normal
2026-08-20 11:59:00,10.03,normal
2026-08-20 11:59:30,12.02,normal
